id,name,gender,country
1,Farah Kording,Male,Gambia
2,Fawnia Farbrace,Female,Indonesia
3,Shayna Pickhaver,Male,China
4,Colette Arlidge,Female,Brazil
5,Christian Caltun,Bigender,Russia
6,Brady Duddan,Male,Indonesia
7,Lindon Risom,Female,Switzerland
8,Geno Mance,Female,China
9,Joe Trathan,Female,Russia
10,Rheta Perren,Male,China
11,Marvin Golson,Male,Malawi
12,Heddi Kingaby,Female,China
13,Courtney Van der Linde,Female,Uganda
14,Shayna Harvard,Agender,Thailand
15,Ferris Derrick,Female,China
16,Baudoin Fortune,Female,China
17,Chelsy Glencorse,Male,China
18,Amberly Barfford,Female,Ecuador
19,Edi Lahiff,Non-binary,China
20,Dilly Sidle,Female,Latvia
21,Fidel Binnie,Male,Canada
22,Judye Klagges,Male,China
23,Gilles Lerven,Female,Portugal
24,Delano Robertshaw,Male,Indonesia
25,Tasia Edmund,Male,China
26,Sarene Dunphy,Male,Russia
27,Ravid Bineham,Male,China
28,Flossi Forre,Male,Egypt
29,Alphonse Cullen,Female,Brazil
30,Stern Gommowe,Male,Russia
31,Arlan Koppen,Female,Kazakhstan
32,Casey Belfrage,Female,Saudi Arabia
33,Shayna Jahan,Male,Philippines
34,Krystle Giorgioni,Agender,Portugal
35,Rozelle Raggett,Female,Canada
36,Llewellyn Bielefeld,Female,Philippines
37,Sonnie Barnby,Male,Portugal
38,Guillemette McHenry,Male,Greece
39,Simona Norwich,Male,China
40,Julee Lines,Female,Czech Republic
41,Lemmy Hattam,Male,Philippines
42,Morgan Aupol,Male,Indonesia
43,Abeu Thunderchief,Female,Norway
44,Malachi Clutton,Female,New Zealand
45,Kinny Mongenot,Male,Guinea
46,Cathrin Stoneley,Female,Norway
47,Doy Cheine,Female,Malaysia
48,Dorena Melody,Female,Colombia
49,Artie Debenham,Genderqueer,Russia
50,Phillipp Astall,Female,Indonesia
51,Janey Sloam,Male,France
52,Christiano Stitson,Male,Peru
53,Eloise Koenraad,Male,Venezuela
54,Fedora Stone Fewings,Male,Cyprus
55,Bellina Pockett,Female,China
56,Lisetta Rollings,Female,United States
57,Pembroke Cawson,Male,Portugal
58,Giffie Gribble,Male,Greece
59,Krystal Powelee,Male,China
60,Jerrome Brimm,Female,Brazil
61,Berkie Wilding,Male,Portugal
62,Danya McAllester,Polygender,Brazil
63,Barny Skakunas,Female,Estonia
64,Steffi Jiggins,Male,China
65,Julie Fern,Female,China
66,Lavinia Iacovino,Female,Cuba
67,Jose Sayle,Female,Syria
68,Byrle Wherrit,Female,China
69,Cyril Verne,Male,France
70,Gusta Middell,Female,France
71,Iorgos Shopcott,Female,China
72,Dare Errett,Male,Canada
73,Hort Gallen,Female,China
74,Tracie Jozwicki,Female,Philippines
75,Ludovico Sterman,Female,Philippines
76,Karel Getty,Genderfluid,Kazakhstan
77,Sylvia Kisbey,Polygender,China
78,Conan Manilo,Agender,Peru
79,Jonathon Firby,Female,Brazil
80,Annis Shropshire,Female,Norway
81,Rad Wilbor,Female,China
82,Jerald Nerney,Female,Canada
83,Annora Duro,Female,Peru
84,Jobina Gutowska,Male,Peru
85,Marna Sinclaire,Female,Argentina
86,Neron Boland,Male,China
87,Pauly Mantha,Female,Indonesia
88,Silas Letrange,Male,Japan
89,Kania Hubbold,Male,China
90,Cullie Doust,Female,Argentina
91,Jammal Guess,Male,Japan
92,Benedict Jemmett,Male,Poland
93,Onfre Boland,Female,China
94,Heath Rozsa,Female,Azerbaijan
95,Luigi Verni,Female,Russia
96,Raphael Viollet,Male,Sweden
97,Clarey Aleksich,Female,Slovenia
98,Leif Kaesmakers,Female,Sweden
99,Banky Lipson,Male,United States
100,Roobbie Behn,Female,Sweden
101,Selinda Croxton,Male,Brazil
102,Elbertine Mewhirter,Female,China
103,Bonny Haygreen,Male,China
104,Padraig Helder,Female,China
105,Wes Hardman,Male,China
106,Gilburt Rolse,Female,Belarus
107,Falito Raynton,Female,Lithuania
108,Isa Westhofer,Female,Vietnam
109,Johnathan Baile,Female,Thailand
110,Eartha Shortall,Female,Chile
111,Osborne Tsar,Male,Indonesia
112,Petey Dorning,Male,Bolivia
113,Priscella Brugemann,Male,Greece
114,Brady Fridaye,Female,China
115,Ansley Sallings,Male,Mongolia
116,Agnola Coldbath,Female,Guam
117,Bertha Ramey,Male,Portugal
118,Percy Catto,Female,Brazil
119,Les Meadway,Female,Venezuela
120,Delmor Terrans,Male,China
121,Gay Pymm,Male,Kenya
122,Bamby Rysom,Male,France
123,Kristine Miell,Female,China
124,Renado Bartomeu,Female,Brazil
125,Rhetta Osgarby,Female,Brazil
126,Elinor Myall,Male,South Africa
127,Dennie Doody,Male,Poland
128,Mildred Bannister,Male,Finland
129,Dallas Karolovsky,Female,Portugal
130,Barthel Calles,Female,Cameroon
131,Ronni Du Plantier,Female,Indonesia
132,Daffy Redgewell,Male,Ukraine
133,Alwin Matterson,Female,Poland
134,Chiquita Chasmoor,Male,Mozambique
135,Artemis Geillier,Male,China
136,Kahlil Cliff,Female,Brazil
137,Maurise Powers,Male,Russia
138,Maxy Pentony,Male,Tajikistan
139,Shaylah Lockhead,Male,New Zealand
140,Alfy Mucillo,Female,China
141,Cari Streak,Male,China
142,Giulio Timmins,Male,Philippines
143,Tessie Kenworthy,Male,Mexico
144,Rogerio Bach,Male,South Africa
145,Hillie Coombe,Agender,United States
146,Carlotta Tapsfield,Male,Mongolia
147,Bellina Nelthropp,Male,Japan
148,Isabelita Greatland,Male,Albania
149,Kori Caldairou,Female,Croatia
150,Aloin Wrightham,Male,Philippines
151,Wright Curphey,Male,Argentina
152,Doro Antecki,Male,Poland
153,Reeta Petch,Female,Philippines
154,Ahmed Forty,Male,Serbia
155,Letitia Bewlie,Female,United States
156,Giordano Secrett,Female,Mali
157,Trevar Blinder,Male,Japan
158,Clement Poschel,Female,Philippines
159,Johnath Collinette,Genderqueer,China
160,Karin Huddart,Female,Brazil
161,Flo Synan,Male,China
162,Susy Ullyatt,Male,Philippines
163,Elaina Hyland,Female,Indonesia
164,Ritchie McReynold,Female,Indonesia
165,Antony Harradine,Female,Peru
166,Gigi Ipwell,Female,Thailand
167,Catha Ilem,Male,Germany
168,Merle Linfitt,Female,Nigeria
169,Morena Bothwell,Female,Indonesia
170,Vivyan Mival,Female,China
171,Marvin Howden,Female,China
172,Wallis Rolland,Female,Philippines
173,Fey Goman,Genderfluid,Indonesia
174,Suzanne Redemile,Female,Japan
175,Kelwin Schutte,Male,Colombia
176,Wayland Balassa,Male,Greece
177,Braden Riordan,Genderqueer,Indonesia
178,Laina Bettley,Male,Czech Republic
179,Helge Dumphry,Female,Portugal
180,Olly Blackbrough,Female,Brazil
181,Bessie Delacourt,Male,Philippines
182,Matthaeus Karpinski,Female,Indonesia
183,Jolee Tampling,Male,Nepal
184,Tanitansy Melsom,Female,China
185,Pierrette Jeskin,Female,Czech Republic
186,Naomi Crossgrove,Male,Philippines
187,Gloria Woonton,Male,Russia
188,Cathrine Frise,Male,Philippines
189,Dinah Kielt,Male,China
190,Germaine Hasslocher,Agender,Thailand
191,Haslett Gilsthorpe,Female,Mongolia
192,Enos Richfield,Male,Syria
193,Lemmie Josling,Female,Indonesia
194,Washington Cummings,Male,Philippines
195,Molli Holliar,Male,New Zealand
196,Deedee MacKeig,Polygender,Sweden
197,Allina Cockburn,Male,Indonesia
198,Consalve de Clerk,Male,Peru
199,Tiffi Grieveson,Genderqueer,Russia
200,Jacobo Gurge,Female,Indonesia
201,Isador Butfield,Female,China
202,Rochester Romer,Male,Hungary
203,Abra Merry,Female,Czech Republic
204,Carr Theseira,Male,China
205,Jarrett Drable,Male,Greece
206,Doralia Colhoun,Male,Philippines
207,Rurik Nisuis,Male,Portugal
208,Rhea Ruprechter,Female,Czech Republic
209,Camille Aykroyd,Female,Afghanistan
210,Sara-ann Loosemore,Male,Philippines
211,Ebeneser Sneezum,Female,Morocco
212,Kissee Fortye,Female,France
213,Bail Jirka,Genderfluid,Finland
214,Norine Holbie,Male,Russia
215,Margery Calloway,Male,Indonesia
216,Violetta Nan Carrow,Male,Thailand
217,Whitman MacPharlain,Female,China
218,Dion Townley,Male,Iran
219,Slade Garmey,Female,China
220,Ebeneser Arsnell,Male,Sweden
221,Teirtza Loyd,Female,Sweden
222,Alica Feavyour,Male,Democratic Republic of the Congo
223,Herve Muggleton,Male,Turkmenistan
224,Pepe Shakesbye,Female,Indonesia
225,Novelia Heinzler,Female,Philippines
226,Pearla Lago,Agender,Saudi Arabia
227,Zebedee Coard,Female,Russia
228,Karil Convery,Bigender,Latvia
229,Otto Fennick,Male,China
230,Arlana Bertrand,Male,Colombia
231,Florinda Geist,Female,Greece
232,Doug Utteridge,Male,Morocco
233,Karlotte Bausmann,Male,China
234,Hyacinthe Biasini,Male,Indonesia
235,Kaleena Verrall,Female,France
236,Jesselyn Kline,Male,Indonesia
237,Malinda Shearwood,Female,France
238,Dewitt Heddy,Female,Indonesia
239,Kent Gasnoll,Female,China
240,Jerri Eastcourt,Female,France
241,Grata Whaplington,Male,China
242,Maurise Lough,Male,Brazil
243,Esma Seymer,Male,Poland
244,Fernanda Flori,Female,China
245,Raimundo Cusack,Female,Spain
246,Garey Chattoe,Non-binary,United States
247,Giovanni Predohl,Male,Indonesia
248,Vidovic Boom,Female,China
249,Raye Bassick,Female,Peru
250,Katha Kemer,Male,Indonesia
251,Kristan Dekeyser,Female,Afghanistan
252,Gregoor Worthy,Female,Indonesia
253,Antoni Berndtsson,Female,Indonesia
254,Jose Szach,Female,Colombia
255,Cris Klain,Male,Philippines
256,Kylie Northeast,Male,Indonesia
257,Gonzalo Sculpher,Male,Mexico
258,Hillyer Lind,Male,Sweden
259,Henri Kilfedder,Male,Panama
260,Shelden Oriel,Female,China
261,Ashli Kyteley,Male,Norway
262,Julie Lismore,Male,Dominican Republic
263,Julienne Leach,Female,Portugal
264,Arluene Warrillow,Male,Japan
265,Sven Dukesbury,Male,Belize
266,Sheela MacElharge,Female,Sweden
267,Dexter Swinbourne,Female,Micronesia
268,Thane Abramovici,Male,Sweden
269,Camille Lage,Male,Czech Republic
270,Maurise Caesman,Female,Russia
271,Binnie Eason,Male,Chad
272,Chloe Astin,Female,Finland
273,Joelly Babbs,Male,Poland
274,Dione Kempston,Female,Indonesia
275,Alvira Conti,Male,Indonesia
276,Therese Bodker,Genderfluid,Pakistan
277,Meade Camblin,Female,Iran
278,Pavlov Belham,Male,China
279,Bertha Showte,Male,Bulgaria
280,Griswold Estabrook,Female,Norway
281,Hall Kilmurry,Female,Philippines
282,Allard McFfaden,Male,China
283,Barbaraanne Stagge,Female,Indonesia
284,Tabb Fletcher,Female,Philippines
285,Bran Pixton,Genderfluid,Russia
286,Hendrika Loader,Male,Philippines
287,Hannis Chadbourne,Female,China
288,Norman Sketch,Male,Mexico
289,Cosette Zolini,Agender,Madagascar
290,Doro Sturch,Female,Russia
291,Herb Masic,Female,Ukraine
292,Homerus Nudde,Male,Peru
293,Christel Warrener,Female,Russia
294,Bret Garbott,Male,Thailand
295,Sofia Cail,Male,Honduras
296,Fidela Antonin,Male,Madagascar
297,Frankie Hindmore,Male,China
298,Modesty Bennellick,Female,Russia
299,Forrest Sear,Male,Slovenia
300,Marinna Manvelle,Female,Mexico
301,Nicolea Crepel,Male,Argentina
302,Lanita Salazar,Male,Sweden
303,Rennie Wardlow,Male,Greece
304,Viola Henrique,Female,United States
305,Winifield Crichmere,Female,Russia
306,Ally Ballston,Male,Indonesia
307,Billi Renish,Female,China
308,Colby Satyford,Male,France
309,Bunnie Twidale,Female,Indonesia
310,Christoffer Palleske,Male,Czech Republic
311,Carissa Fitter,Female,China
312,Elisa Doggart,Male,Brazil
313,Halsy Aikett,Male,France
314,Carine Silwood,Polygender,Brazil
315,Bethena Wignall,Female,Peru
316,Bernadene Daviddi,Female,Russia
317,Shadow Thaw,Genderqueer,Indonesia
318,Avigdor Bonin,Female,Indonesia
319,Rafaellle Osselton,Male,Russia
320,Fowler McElane,Male,China
321,Jason Lomasney,Male,Indonesia
322,Salim Brundall,Female,Greece
323,Pooh Willoughey,Agender,China
324,Glennis Ishak,Male,Poland
325,Carri Smitham,Female,Indonesia
326,Bobette Blacksell,Female,Poland
327,Orland Dauber,Male,Brazil
328,Merrile Sadry,Female,Thailand
329,Carly Moynihan,Male,Vietnam
330,Lucio Scardifeild,Female,Indonesia
331,Dolores Pogson,Female,Indonesia
332,Kasper Muddiman,Male,Poland
333,Anderson Rackam,Male,China
334,Abba Scatchar,Female,Japan
335,Matty Lynock,Female,Australia
336,Aretha Reiling,Genderqueer,Dominican Republic
337,Enrichetta Renzullo,Female,China
338,James Prisk,Male,China
339,Federica Foskett,Genderqueer,Croatia
340,Charmaine Haddon,Male,China
341,Dode Bendson,Male,Poland
342,Ursuline Gummie,Female,North Korea
343,Ashlen Gidley,Female,Iran
344,Audi Bramble,Male,Greece
345,Filberte Rhubottom,Male,China
346,Bobbette Nelsen,Male,Indonesia
347,Dani Goodings,Female,Russia
348,Thornie Burchatt,Agender,China
349,Linus Terbeek,Female,China
350,Cathlene Kleinmann,Female,Philippines
351,Kristian Caldecutt,Female,Indonesia
352,Sax Elms,Female,South Africa
353,Wainwright Gethen,Female,United States
354,Raychel Yuill,Male,Sweden
355,Phelia Whillock,Male,Indonesia
356,Samuel Doumic,Female,Russia
357,Celestina Peers,Female,Greece
358,Wyn Banthorpe,Female,Japan
359,Axe Atcherley,Male,Indonesia
360,Eugene Wisbey,Male,Argentina
361,Moritz Panas,Female,Indonesia
362,Emlyn Lissenden,Female,Croatia
363,Aluino Gallihaulk,Male,Ireland
364,Dino Roache,Male,France
365,Kipper Telling,Female,French Polynesia
366,Bird Goymer,Female,United States
367,Nerti Caddie,Female,Russia
368,Will Dunlop,Female,Poland
369,Saleem Stainton,Female,Indonesia
370,Kitti Howsan,Female,Canada
371,Tobias Blincow,Male,Brazil
372,Chandra Mattosoff,Non-binary,Ukraine
373,Charley Frenzel;,Male,China
374,Sherilyn Borkin,Female,Norway
375,Sybyl Jacobs,Female,Poland
376,Timmy Chavez,Female,China
377,Glori Daines,Female,Kazakhstan
378,Clementina Dearnley,Male,Brazil
379,Dewain Jorioz,Female,Czech Republic
380,Richmound Campos,Male,South Africa
381,Evered McTavish,Male,Cuba
382,Nikkie Drife,Female,Philippines
383,Petronille Feathersby,Male,Peru
384,Zarah Volante,Male,Jordan
385,Gerry Arpe,Female,Indonesia
386,Stavro Rathborne,Male,Brazil
387,Cherie Stent,Male,Brazil
388,Sully McMenamie,Male,Portugal
389,Merissa Sinkin,Female,Philippines
390,Sabine Bartholomieu,Male,Bahamas
391,Jacenta Dimic,Female,France
392,Moselle Kingsly,Female,Portugal
393,Wendye Demaine,Male,China
394,Aube Giddens,Male,Argentina
395,Markos MacArthur,Male,Panama
396,Rollins Bernardotti,Male,China
397,Osborne Mangion,Male,Peru
398,Brigham Ankrett,Male,Philippines
399,Tyler Hannon,Male,Croatia
400,Frasier Oram,Male,China
401,Stephi Dudson,Female,Myanmar
402,Dylan Jacobowicz,Female,Ethiopia
403,Tiffy Doblin,Female,China
404,Adina Giff,Male,Brazil
405,Georgia Rawlingson,Female,French Polynesia
406,Germain Condon,Female,China
407,Allix Beddows,Male,Poland
408,Bennie Yerrill,Female,Russia
409,Karolina Hugk,Female,Argentina
410,Tova Shellum,Female,Indonesia
411,Hewett Abeles,Female,Russia
412,Arlinda Ealam,Male,Armenia
413,Daphene Geddis,Polygender,Cuba
414,Gibbie Plait,Female,Philippines
415,Danella Yousef,Male,Indonesia
416,Hilliary Kynd,Female,China
417,Ilario Mingaye,Bigender,Indonesia
418,Jeni Ivanitsa,Male,Nigeria
419,Roana Weathers,Male,Kazakhstan
420,Ramsay Farnaby,Bigender,France
421,Minni Behagg,Male,China
422,Bartholomew Fritchley,Male,China
423,Ninnetta Dumphry,Male,Argentina
424,Stern Keningley,Female,China
425,Ardelia Coode,Female,Sierra Leone
426,Freddi Bateman,Male,Mexico
427,Fredelia Glendinning,Male,Portugal
428,Innis Desforges,Female,Poland
429,Linnie Eatherton,Female,Sudan
430,Northrop Strachan,Male,Russia
431,Stirling Bambra,Male,Ireland
432,Malorie Deam,Male,China
433,Raine Yukhtin,Male,Chile
434,Giacopo MacNucator,Male,Netherlands
435,Hy Toxell,Genderqueer,Mexico
436,Doroteya Walwood,Female,Malaysia
437,Janela Clough,Male,China
438,Beverlie McCowen,Female,Bulgaria
439,Baird Breakspear,Female,Russia
440,Willard Mecozzi,Agender,Vietnam
441,Millisent Welds,Male,China
442,Clemens Shoppee,Male,Gambia
443,Candy Scandred,Male,France
444,Timmie Mendoza,Female,China
445,Sherie Lambert-Ciorwyn,Female,China
446,Jasper Staynes,Polygender,Peru
447,Leonhard Mallett,Female,Sri Lanka
448,Pierson Farman,Female,Macedonia
449,Blake Mathouse,Female,China
450,Hilde McIan,Female,Mexico
451,Darrelle Ship,Genderqueer,China
452,Edsel Massenhove,Agender,China
453,Felizio Clogg,Male,Indonesia
454,Pepito Beefon,Female,Egypt
455,Fiorenze Pittem,Female,Myanmar
456,Noe Matthewes,Female,Brazil
457,Brant Ritson,Female,Indonesia
458,Emlynn Oleksiak,Non-binary,China
459,Kally Crowdson,Female,China
460,Jolene Kirrens,Male,Portugal
461,Jaynell Rudwell,Male,Portugal
462,Bevan Laurance,Male,Japan
463,Alys De Minico,Male,China
464,Caril Hein,Genderqueer,Bulgaria
465,Kandy Kestell,Male,Uzbekistan
466,Brittany Grafton,Female,Peru
467,Marguerite Scholcroft,Female,China
468,Giacomo Hincham,Female,France
469,Cheryl Tire,Female,Indonesia
470,Bradney Dunseath,Female,Canada
471,Rosabel Tregale,Male,Sweden
472,Dael MacCarter,Female,Indonesia
473,Grady Whinney,Female,Russia
474,Adey MacKay,Female,Oman
475,Cristin Ripsher,Male,Philippines
476,Ermin Bensen,Female,Pakistan
477,Shirl Bestman,Female,China
478,Lem Tippler,Female,Macedonia
479,Alfons Helversen,Male,Portugal
480,Staffard Mucklo,Non-binary,Ukraine
481,Florella Venart,Female,Russia
482,Neel Cosgry,Female,China
483,Ephraim Gatecliff,Female,Portugal
484,Nelie Ritchman,Male,Brazil
485,Evie Grayson,Female,United States
486,Gypsy Feltoe,Female,Indonesia
487,Celinda MacRorie,Male,Indonesia
488,Giuditta Veitch,Female,Mongolia
489,Charleen Evangelinos,Female,China
490,Sly Sannes,Male,Brazil
491,Beatrisa Batisse,Female,China
492,Fulton Birkhead,Female,Argentina
493,Cos Fairclough,Female,Poland
494,Jaymie Inglish,Female,Argentina
495,Dillon Ketch,Genderqueer,Russia
496,Stevana Sandford,Male,China
497,Aloin Annett,Male,Ecuador
498,Tiffy Artrick,Male,China
499,Abigale Langforth,Female,Netherlands
500,Mommy Jacobsson,Female,Bosnia and Herzegovina
